<?xml version="1.0" encoding="UTF-8"?>
<!DOCTYPE mapper PUBLIC "-//mybatis.org//DTD Mapper 3.0//EN" "http://mybatis.org/dtd/mybatis-3-mapper.dtd">
<mapper namespace="com.xxx.mapper.BusCustomerMapper">
  <resultMap id="BaseResultMap" type="com.xxx.bean.BusCustomer">
    <id column="identity" jdbcType="VARCHAR" property="identity" />
    <result column="custname" jdbcType="VARCHAR" property="custname" />
    <result column="sex" jdbcType="INTEGER" property="sex" />
    <result column="address" jdbcType="VARCHAR" property="address" />
    <result column="phone" jdbcType="VARCHAR" property="phone" />
    <result column="career" jdbcType="VARCHAR" property="career" />
    <result column="createtime" jdbcType="TIMESTAMP" property="createtime" />
  </resultMap>
  <sql id="Base_Column_List">
    identity, custname, sex, address, phone, career, createtime
  </sql>
  <select id="selectByPrimaryKey" parameterType="java.lang.String" resultMap="BaseResultMap">
    select 
    <include refid="Base_Column_List" />
    from bus_customer
    where identity = #{identity,jdbcType=VARCHAR}
  </select>

  <delete id="deleteByPrimaryKey" parameterType="java.lang.String">
    delete from bus_customer
    where identity = #{identity,jdbcType=VARCHAR}
  </delete>
  <insert id="insert" parameterType="com.xxx.bean.BusCustomer">
    insert into bus_customer (identity, custname, sex,
      address, phone, career,
      createtime)
    values (#{identity,jdbcType=VARCHAR}, #{custname,jdbcType=VARCHAR}, #{sex,jdbcType=INTEGER},
      #{address,jdbcType=VARCHAR}, #{phone,jdbcType=VARCHAR}, #{career,jdbcType=VARCHAR},
      #{createtime,jdbcType=TIMESTAMP})
  </insert>
  <insert id="insertSelective" parameterType="com.xxx.bean.BusCustomer">
    insert into bus_customer
    <trim prefix="(" suffix=")" suffixOverrides=",">
      <if test="identity != null">
        identity,
      </if>
      <if test="custname != null">
        custname,
      </if>
      <if test="sex != null">
        sex,
      </if>
      <if test="address != null">
        address,
      </if>
      <if test="phone != null">
        phone,
      </if>
      <if test="career != null">
        career,
      </if>
      <if test="createtime != null">
        createtime,
      </if>
    </trim>
    <trim prefix="values (" suffix=")" suffixOverrides=",">
      <if test="identity != null">
        #{identity,jdbcType=VARCHAR},
      </if>
      <if test="custname != null">
        #{custname,jdbcType=VARCHAR},
      </if>
      <if test="sex != null">
        #{sex,jdbcType=INTEGER},
      </if>
      <if test="address != null">
        #{address,jdbcType=VARCHAR},
      </if>
      <if test="phone != null">
        #{phone,jdbcType=VARCHAR},
      </if>
      <if test="career != null">
        #{career,jdbcType=VARCHAR},
      </if>
      <if test="createtime != null">
        #{createtime,jdbcType=TIMESTAMP},
      </if>
    </trim>
  </insert>
  <update id="updateByPrimaryKeySelective" parameterType="com.xxx.bean.BusCustomer">
    update bus_customer
    <set>
      <if test="custname != null">
        custname = #{custname,jdbcType=VARCHAR},
      </if>
      <if test="sex != null">
        sex = #{sex,jdbcType=INTEGER},
      </if>
      <if test="address != null">
        address = #{address,jdbcType=VARCHAR},
      </if>
      <if test="phone != null">
        phone = #{phone,jdbcType=VARCHAR},
      </if>
      <if test="career != null">
        career = #{career,jdbcType=VARCHAR},
      </if>
      <if test="createtime != null">
        createtime = #{createtime,jdbcType=TIMESTAMP},
      </if>
    </set>
    where identity = #{identity,jdbcType=VARCHAR}
  </update>
  <update id="updateByPrimaryKey" parameterType="com.xxx.bean.BusCustomer">
    update bus_customer
    set custname = #{custname,jdbcType=VARCHAR},
      sex = #{sex,jdbcType=INTEGER},
      address = #{address,jdbcType=VARCHAR},
      phone = #{phone,jdbcType=VARCHAR},
      career = #{career,jdbcType=VARCHAR},
      createtime = #{createtime,jdbcType=TIMESTAMP}
    where identity = #{identity,jdbcType=VARCHAR}
  </update>
  <select id="selectOneByOne" resultType="busCustomer">
    select *  from  bus_customer
    <where>
    <if test="null !=identity and identity !=''">
      and identity =#{identity}
    </if>
    <if test="null !=custname and custname !=''">
      and custname =#{custname}
    </if>
    <if test="null !=sex and sex !=''">
      and sex =#{sex}
    </if>
    <if test="null !=address and address !=''">
      and address =#{address}
    </if>
    <if test="null !=phone and phone !=''">
      and phone like concat('%',#{phone},'%')
    </if>
    <if test="null !=career and career !=''">
      and career =#{career}
    </if>
    </where>
  </select>

  <delete id="deleteBatchs">
    delete from bus_customer
    <where>
      identity in
      <if test="array !=null and array.length>0">
        <foreach collection="array" open="(" close=")" separator="," item="identity">
          #{identity}
        </foreach>
      </if>
    </where>
  </delete>

  <select id="findAllidentity" resultType="java.util.Map">
    select identity
    from bus_customer
  </select>
</mapper>
