<?xml version="1.0" encoding="UTF-8" ?>
<!DOCTYPE mapper PUBLIC "-//mybatis.org//DTD Mapper 3.0//EN" "http://mybatis.org/dtd/mybatis-3-mapper.dtd" >
<mapper namespace="com.xxx.mapper.BusRentMapper" >
  <resultMap id="BaseResultMap" type="com.xxx.bean.BusRent" >
    <id column="rentid" property="rentid" jdbcType="VARCHAR" />
    <result column="price" property="price" jdbcType="DOUBLE" />
    <result column="begindate" property="begindate" jdbcType="TIMESTAMP" />
    <result column="returndate" property="returndate" jdbcType="TIMESTAMP" />
    <result column="rentflag" property="rentflag" jdbcType="INTEGER" />
    <result column="identity" property="identity" jdbcType="VARCHAR" />
    <result column="carnumber" property="carnumber" jdbcType="VARCHAR" />
    <result column="opername" property="opername" jdbcType="VARCHAR" />
    <result column="createtime" property="createtime" jdbcType="TIMESTAMP" />
  </resultMap>
  <sql id="Base_Column_List" >
    rentid, price, begindate, returndate, rentflag, identity, carnumber, opername, createtime
  </sql>
  <select id="selectByPrimaryKey" resultMap="BaseResultMap" parameterType="java.lang.String" >
    select 
    <include refid="Base_Column_List" />
    from bus_rent
    where rentid = #{rentid,jdbcType=VARCHAR}
  </select>
  <delete id="deleteByPrimaryKey" parameterType="java.lang.String" >
    delete from bus_rent
    where rentid = #{rentid,jdbcType=VARCHAR}
  </delete>
  <insert id="insert" parameterType="com.xxx.bean.BusRent" >
    insert into bus_rent (rentid, price, begindate, 
      returndate, rentflag, identity, 
      carnumber, opername, createtime
      )
    values (#{rentid,jdbcType=VARCHAR}, #{price,jdbcType=DOUBLE}, #{begindate,jdbcType=TIMESTAMP}, 
      #{returndate,jdbcType=TIMESTAMP}, #{rentflag,jdbcType=INTEGER}, #{identity,jdbcType=VARCHAR}, 
      #{carnumber,jdbcType=VARCHAR}, #{opername,jdbcType=VARCHAR}, #{createtime,jdbcType=TIMESTAMP}
      )
  </insert>
  <insert id="insertSelective" parameterType="com.xxx.bean.BusRent" >
    insert into bus_rent
    <trim prefix="(" suffix=")" suffixOverrides="," >
      <if test="rentid != null" >
        rentid,
      </if>
      <if test="price != null" >
        price,
      </if>
      <if test="begindate != null" >
        begindate,
      </if>
      <if test="returndate != null" >
        returndate,
      </if>
      <if test="rentflag != null" >
        rentflag,
      </if>
      <if test="identity != null" >
        identity,
      </if>
      <if test="carnumber != null" >
        carnumber,
      </if>
      <if test="opername != null" >
        opername,
      </if>
      <if test="createtime != null" >
        createtime,
      </if>
    </trim>
    <trim prefix="values (" suffix=")" suffixOverrides="," >
      <if test="rentid != null" >
        #{rentid,jdbcType=VARCHAR},
      </if>
      <if test="price != null" >
        #{price,jdbcType=DOUBLE},
      </if>
      <if test="begindate != null" >
        #{begindate,jdbcType=TIMESTAMP},
      </if>
      <if test="returndate != null" >
        #{returndate,jdbcType=TIMESTAMP},
      </if>
      <if test="rentflag != null" >
        #{rentflag,jdbcType=INTEGER},
      </if>
      <if test="identity != null" >
        #{identity,jdbcType=VARCHAR},
      </if>
      <if test="carnumber != null" >
        #{carnumber,jdbcType=VARCHAR},
      </if>
      <if test="opername != null" >
        #{opername,jdbcType=VARCHAR},
      </if>
      <if test="createtime != null" >
        #{createtime,jdbcType=TIMESTAMP},
      </if>
    </trim>
  </insert>
  <update id="updateByPrimaryKeySelective" parameterType="com.xxx.bean.BusRent" >
    update bus_rent
    <set >
      <if test="price != null" >
        price = #{price,jdbcType=DOUBLE},
      </if>
      <if test="begindate != null" >
        begindate = #{begindate,jdbcType=TIMESTAMP},
      </if>
      <if test="returndate != null" >
        returndate = #{returndate,jdbcType=TIMESTAMP},
      </if>
      <if test="rentflag != null" >
        rentflag = #{rentflag,jdbcType=INTEGER},
      </if>
      <if test="identity != null" >
        identity = #{identity,jdbcType=VARCHAR},
      </if>
      <if test="carnumber != null" >
        carnumber = #{carnumber,jdbcType=VARCHAR},
      </if>
      <if test="opername != null" >
        opername = #{opername,jdbcType=VARCHAR},
      </if>
      <if test="createtime != null" >
        createtime = #{createtime,jdbcType=TIMESTAMP},
      </if>
    </set>
    where rentid = #{rentid,jdbcType=VARCHAR}
  </update>
  <update id="updateByPrimaryKey" parameterType="com.xxx.bean.BusRent" >
    update bus_rent
    set price = #{price,jdbcType=DOUBLE},
      begindate = #{begindate,jdbcType=TIMESTAMP},
      returndate = #{returndate,jdbcType=TIMESTAMP},
      rentflag = #{rentflag,jdbcType=INTEGER},
      identity = #{identity,jdbcType=VARCHAR},
      carnumber = #{carnumber,jdbcType=VARCHAR},
      opername = #{opername,jdbcType=VARCHAR},
      createtime = #{createtime,jdbcType=TIMESTAMP}
    where rentid = #{rentid,jdbcType=VARCHAR}
  </update>

  <!--新增条件查询-->
  <select id="selectParams" parameterType="BusRentQuery" resultType="BusRent">
    select
    *
    from bus_rent
    <where>
      <if test="rentid!=null and rentid!=''">
        and rentid like concat("%",#{rentid},"%")
      </if>
      <if test="identity!=null and identity!=''">
        and identity=#{identity}
      </if>
      <if test="carnumber!=null and carnumber!=''">
        and carnumber=#{carnumber}
      </if>
      <if test="begindate!=null and begindate!=''">
        and begindate=#{begindate}
      </if>
      <if test="returndate!=null and returndate!=''">
        and returndate=#{returndate}
      </if>
    </where>
  </select>
  <delete id="deleteBatch" parameterType="string">
    delete from bus_rent
     where rentid
     in (
    <foreach item="rentid" collection="array"  separator=",">
      #{rentid,jdbcType=VARCHAR}
    </foreach>
    )
  </delete>


<!--  更新bus_car表Isrenting字段-->
  <update id="updateBuscarIsrenting">
    update bus_car
    set
    isrenting=1
    where
    carnumber=#{carnumber}
  </update>

<!--  查询车租-->
  <select id="selectRentprice" resultType="Double">
      select rentprice
      from bus_car
      where
      carnumber=#{carnumber}
    </select>
</mapper>