<?xml version="1.0" encoding="UTF-8" ?>
<!DOCTYPE mapper PUBLIC "-//mybatis.org//DTD Mapper 3.0//EN" "http://mybatis.org/dtd/mybatis-3-mapper.dtd" >
<mapper namespace="com.xxx.mapper.LogLoginMapper" >
  <resultMap id="BaseResultMap" type="com.xxx.bean.LogLogin" >
    <id column="id" property="id" jdbcType="INTEGER" />
    <result column="loginname" property="loginname" jdbcType="VARCHAR" />
    <result column="loginip" property="loginip" jdbcType="VARCHAR" />
    <result column="logintime" property="logintime" jdbcType="TIMESTAMP" />
  </resultMap>
  <sql id="Base_Column_List" >
    id, loginname, loginip, logintime
  </sql>
  <select id="selectByPrimaryKey" resultMap="BaseResultMap" parameterType="java.lang.Integer" >
    select 
    <include refid="Base_Column_List" />
    from sys_log_login
    where id = #{id,jdbcType=INTEGER}
  </select>
  <delete id="deleteByPrimaryKey" parameterType="java.lang.Integer" >
    delete from sys_log_login
    where id = #{id,jdbcType=INTEGER}
  </delete>
  <insert id="insert" parameterType="com.xxx.bean.LogLogin" >
    insert into sys_log_login (id, loginname, loginip, 
      logintime)
    values (#{id,jdbcType=INTEGER}, #{loginname,jdbcType=VARCHAR}, #{loginip,jdbcType=VARCHAR}, 
      #{logintime,jdbcType=TIMESTAMP})
  </insert>
  <insert id="insertSelective" parameterType="com.xxx.bean.LogLogin" >
    insert into sys_log_login
    <trim prefix="(" suffix=")" suffixOverrides="," >
      <if test="id != null" >
        id,
      </if>
      <if test="loginname != null" >
        loginname,
      </if>
      <if test="loginip != null" >
        loginip,
      </if>
      <if test="logintime != null" >
        logintime,
      </if>
    </trim>
    <trim prefix="values (" suffix=")" suffixOverrides="," >
      <if test="id != null" >
        #{id,jdbcType=INTEGER},
      </if>
      <if test="loginname != null" >
        #{loginname,jdbcType=VARCHAR},
      </if>
      <if test="loginip != null" >
        #{loginip,jdbcType=VARCHAR},
      </if>
      <if test="logintime != null" >
        #{logintime,jdbcType=TIMESTAMP},
      </if>
    </trim>
  </insert>
  <update id="updateByPrimaryKeySelective" parameterType="com.xxx.bean.LogLogin" >
    update sys_log_login
    <set >
      <if test="loginname != null" >
        loginname = #{loginname,jdbcType=VARCHAR},
      </if>
      <if test="loginip != null" >
        loginip = #{loginip,jdbcType=VARCHAR},
      </if>
      <if test="logintime != null" >
        logintime = #{logintime,jdbcType=TIMESTAMP},
      </if>
    </set>
    where id = #{id,jdbcType=INTEGER}
  </update>
  <update id="updateByPrimaryKey" parameterType="com.xxx.bean.LogLogin" >
    update sys_log_login
    set loginname = #{loginname,jdbcType=VARCHAR},
      loginip = #{loginip,jdbcType=VARCHAR},
      logintime = #{logintime,jdbcType=TIMESTAMP}
    where id = #{id,jdbcType=INTEGER}
  </update>

  <select id="selectByParams" parameterType="com.xxx.bean.LogLogin" resultType="com.xxx.bean.LogLogin">
    select
    <include refid="Base_Column_List"></include>
    from sys_log_login
  </select>

  <delete id="deleteBatch">
    delete from sys_log_login where id in
    <foreach close=")" collection="array" item="id" open="(" separator=",">
      #{id}
    </foreach>
  </delete>
</mapper>