<?xml version="1.0" encoding="UTF-8" ?>
<!DOCTYPE mapper PUBLIC "-//mybatis.org//DTD Mapper 3.0//EN" "http://mybatis.org/dtd/mybatis-3-mapper.dtd" >
<mapper namespace="com.xxx.mapper.MenuMapper" >
  <resultMap id="BaseResultMap" type="com.xxx.bean.Menu" >
    <id column="id" property="id" jdbcType="INTEGER" />
    <result column="pid" property="pid" jdbcType="INTEGER" />
    <result column="title" property="title" jdbcType="VARCHAR" />
    <result column="href" property="href" jdbcType="VARCHAR" />
    <result column="spread" property="spread" jdbcType="INTEGER" />
    <result column="target" property="target" jdbcType="VARCHAR" />
    <result column="icon" property="icon" jdbcType="VARCHAR" />
    <result column="available" property="available" jdbcType="INTEGER" />
  </resultMap>
  <sql id="Base_Column_List" >
    id, pid, title, href, spread, target, icon, available
  </sql>
  <select id="selectByPrimaryKey" resultMap="BaseResultMap" parameterType="java.lang.Integer" >
    select 
    <include refid="Base_Column_List" />
    from sys_menu
    where id = #{id,jdbcType=INTEGER}
  </select>

  <delete id="deleteByPrimaryKey" parameterType="java.lang.Integer" >
    delete from sys_menu
    where id = #{id,jdbcType=INTEGER}
  </delete>
  <insert id="insert" parameterType="com.xxx.bean.Menu" >
    insert into sys_menu (id, pid, title, 
      href, spread, target, 
      icon, available)
    values (#{id,jdbcType=INTEGER}, #{pid,jdbcType=INTEGER}, #{title,jdbcType=VARCHAR}, 
      #{href,jdbcType=VARCHAR}, #{spread,jdbcType=INTEGER}, #{target,jdbcType=VARCHAR}, 
      #{icon,jdbcType=VARCHAR}, #{available,jdbcType=INTEGER})
  </insert>
  <insert id="insertSelective" parameterType="com.xxx.bean.Menu" >
    insert into sys_menu
    <trim prefix="(" suffix=")" suffixOverrides="," >
      <if test="id != null" >
        id,
      </if>
      <if test="pid != null" >
        pid,
      </if>
      <if test="title != null" >
        title,
      </if>
      <if test="href != null" >
        href,
      </if>
      <if test="spread != null" >
        spread,
      </if>
      <if test="target != null" >
        target,
      </if>
      <if test="icon != null" >
        icon,
      </if>
      <if test="available != null" >
        available,
      </if>
    </trim>
    <trim prefix="values (" suffix=")" suffixOverrides="," >
      <if test="id != null" >
        #{id,jdbcType=INTEGER},
      </if>
      <if test="pid != null" >
        #{pid,jdbcType=INTEGER},
      </if>
      <if test="title != null" >
        #{title,jdbcType=VARCHAR},
      </if>
      <if test="href != null" >
        #{href,jdbcType=VARCHAR},
      </if>
      <if test="spread != null" >
        #{spread,jdbcType=INTEGER},
      </if>
      <if test="target != null" >
        #{target,jdbcType=VARCHAR},
      </if>
      <if test="icon != null" >
        #{icon,jdbcType=VARCHAR},
      </if>
      <if test="available != null" >
        #{available,jdbcType=INTEGER},
      </if>
    </trim>
  </insert>
  <update id="updateByPrimaryKeySelective" parameterType="com.xxx.bean.Menu" >
    update sys_menu
    <set >
      <if test="pid != null" >
        pid = #{pid,jdbcType=INTEGER},
      </if>
      <if test="title != null" >
        title = #{title,jdbcType=VARCHAR},
      </if>
      <if test="href != null" >
        href = #{href,jdbcType=VARCHAR},
      </if>
      <if test="spread != null" >
        spread = #{spread,jdbcType=INTEGER},
      </if>
      <if test="target != null" >
        target = #{target,jdbcType=VARCHAR},
      </if>
      <if test="icon != null" >
        icon = #{icon,jdbcType=VARCHAR},
      </if>
      <if test="available != null" >
        available = #{available,jdbcType=INTEGER},
      </if>
    </set>
    where id = #{id,jdbcType=INTEGER}
  </update>
  <update id="updateByPrimaryKey" parameterType="com.xxx.bean.Menu" >
    update sys_menu
    set pid = #{pid,jdbcType=INTEGER},
      title = #{title,jdbcType=VARCHAR},
      href = #{href,jdbcType=VARCHAR},
      spread = #{spread,jdbcType=INTEGER},
      target = #{target,jdbcType=VARCHAR},
      icon = #{icon,jdbcType=VARCHAR},
      available = #{available,jdbcType=INTEGER}
    where id = #{id,jdbcType=INTEGER}
  </update>

  <select id="getAllMenu" resultType="com.xxx.dto.MenuDto">
    select id, pid as pId,title as name from sys_menu where available=1
  </select>

  <select id="getMenuOfRole" resultType="java.lang.Integer">
    SELECT m.id FROM sys_menu m LEFT JOIN sys_role_menu rm ON m.id=rm.mid WHERE rm.rid=#{roleId} and m.available=1
  </select>

</mapper>