<?xml version="1.0" encoding="UTF-8" ?>
<!DOCTYPE mapper PUBLIC "-//mybatis.org//DTD Mapper 3.0//EN" "http://mybatis.org/dtd/mybatis-3-mapper.dtd" >
<mapper namespace="com.xxx.mapper.RoleMenuMapper" >
  <resultMap id="BaseResultMap" type="com.xxx.bean.RoleMenu" >
    <id column="id" property="id" jdbcType="INTEGER" />
    <result column="rid" property="rid" jdbcType="INTEGER" />
    <result column="mid" property="mid" jdbcType="INTEGER" />
  </resultMap>
  <sql id="Base_Column_List" >
    id, rid, mid
  </sql>
  <select id="selectByPrimaryKey" resultMap="BaseResultMap" parameterType="java.lang.Integer" >
    select 
    <include refid="Base_Column_List" />
    from sys_role_menu
    where id = #{id,jdbcType=INTEGER}
  </select>

  <delete id="deleteByPrimaryKey" parameterType="java.lang.Integer" >
    delete from sys_role_menu
    where id = #{id,jdbcType=INTEGER}
  </delete>

  <insert id="insert" parameterType="com.xxx.bean.RoleMenu" >
    insert into sys_role_menu (id, rid, mid)
    values (#{id,jdbcType=INTEGER}, #{rid,jdbcType=INTEGER}, #{mid,jdbcType=INTEGER})
  </insert>
  <insert id="insertSelective" parameterType="com.xxx.bean.RoleMenu" >
    insert into sys_role_menu
    <trim prefix="(" suffix=")" suffixOverrides="," >
      <if test="id != null" >
        id,
      </if>
      <if test="rid != null" >
        rid,
      </if>
      <if test="mid != null" >
        mid,
      </if>
    </trim>
    <trim prefix="values (" suffix=")" suffixOverrides="," >
      <if test="id != null" >
        #{id,jdbcType=INTEGER},
      </if>
      <if test="rid != null" >
        #{rid,jdbcType=INTEGER},
      </if>
      <if test="mid != null" >
        #{mid,jdbcType=INTEGER},
      </if>
    </trim>
  </insert>

  <update id="updateByPrimaryKeySelective" parameterType="com.xxx.bean.RoleMenu" >
    update sys_role_menu
    <set >
      <if test="rid != null" >
        rid = #{rid,jdbcType=INTEGER},
      </if>
      <if test="mid != null" >
        mid = #{mid,jdbcType=INTEGER},
      </if>
    </set>
    where id = #{id,jdbcType=INTEGER}
  </update>
  <update id="updateByPrimaryKey" parameterType="com.xxx.bean.RoleMenu" >
    update sys_role_menu
    set rid = #{rid,jdbcType=INTEGER},
      mid = #{mid,jdbcType=INTEGER}
    where id = #{id,jdbcType=INTEGER}
  </update>

  <insert id="insertMenuOfRole">
    insert into sys_role_menu (rid, mid) values
    <foreach collection="list" item="list" separator=",">
      (#{list.rid},#{list.mid})
    </foreach>
  </insert>

  <select id="getMenuByRoleId" resultType="java.lang.Integer">
    select mid from sys_role_menu where rid=#{roleId}
  </select>
  <select id="getMenuByManyRoleId" resultType="java.lang.Integer">
SELECT DISTINCT
	rm.mid
FROM
	sys_role_user ru
	LEFT JOIN sys_role_menu rm ON ru.rid = rm.rid
WHERE
	ru.uid =#{userId}
  </select>


  <delete id="deleteMenuByRoleId">
    delete from sys_role_menu where rid=#{roleId}
  </delete>
</mapper>