<?xml version="1.0" encoding="UTF-8"?>
<!DOCTYPE mapper PUBLIC "-//mybatis.org//DTD Mapper 3.0//EN" "http://mybatis.org/dtd/mybatis-3-mapper.dtd">
<mapper namespace="com.xxx.mapper.RoleUserMapper">
  <resultMap id="BaseResultMap" type="com.xxx.bean.RoleUser">
    <id column="uid" jdbcType="INTEGER" property="uid" />
    <id column="rid" jdbcType="INTEGER" property="rid" />
  </resultMap>
  <delete id="deleteByPrimaryKey" parameterType="com.xxx.bean.RoleUser">
    delete from sys_role_user
    where uid = #{uid,jdbcType=INTEGER}
      and rid = #{rid,jdbcType=INTEGER}
  </delete>
  <insert id="insert" parameterType="com.xxx.bean.RoleUser">
    insert into sys_role_user (uid, rid)
    values (#{uid,jdbcType=INTEGER}, #{rid,jdbcType=INTEGER})
  </insert>
  <insert id="insertSelective" parameterType="com.xxx.bean.RoleUser">
    insert into sys_role_user
    <trim prefix="(" suffix=")" suffixOverrides=",">
      <if test="uid != null">
        uid,
      </if>
      <if test="rid != null">
        rid,
      </if>
    </trim>
    <trim prefix="values (" suffix=")" suffixOverrides=",">
      <if test="uid != null">
        #{uid,jdbcType=INTEGER},
      </if>
      <if test="rid != null">
        #{rid,jdbcType=INTEGER},
      </if>
    </trim>
  </insert>

  <insert id="insertMsg">
    insert into sys_role_user (uid,rid) values 
    <foreach collection="list" item="rlist" separator=",">
      (#{rlist.uid},#{rlist.rid})
    </foreach>
  </insert>

  <select id="findRolesByUserId" resultType="java.lang.Integer">
    select rid from sys_role_user where uid=#{userId}
  </select>

  <delete id="deleteByUserid">
    delete from sys_role_user where uid=#{userId}
  </delete>

  <delete id="deleteByManyUserid">
    delete from sys_role_user where uid in (
        <foreach collection="array" item="id" separator=",">
          #{id}
        </foreach>
    )
  </delete>


</mapper>