<?xml version="1.0" encoding="UTF-8" ?>
<!DOCTYPE mapper PUBLIC "-//mybatis.org//DTD Mapper 3.0//EN" "http://mybatis.org/dtd/mybatis-3-mapper.dtd" >
<mapper namespace="com.xxx.mapper.UserMapper" >
  <resultMap id="BaseResultMap" type="com.xxx.bean.User" >
    <id column="userid" property="userid" jdbcType="INTEGER" />
    <result column="loginname" property="loginname" jdbcType="VARCHAR" />
    <result column="identity" property="identity" jdbcType="VARCHAR" />
    <result column="realname" property="realname" jdbcType="VARCHAR" />
    <result column="sex" property="sex" jdbcType="INTEGER" />
    <result column="address" property="address" jdbcType="VARCHAR" />
    <result column="phone" property="phone" jdbcType="VARCHAR" />
    <result column="pwd" property="pwd" jdbcType="VARCHAR" />
    <result column="position" property="position" jdbcType="VARCHAR" />
    <result column="type" property="type" jdbcType="INTEGER" />
    <result column="available" property="available" jdbcType="INTEGER" />
  </resultMap>
  <sql id="Base_Column_List" >
    userid, loginname, identity, realname, sex, address, phone, pwd, position, type, 
    available
  </sql>

  <select id="selectByPrimaryKey"  resultType="User" parameterType="java.lang.Integer" >
    select 
    <include refid="Base_Column_List" />
    from sys_user
    where userid = #{userid,jdbcType=INTEGER}
  </select>

    <delete id="deleteByPrimaryKey" parameterType="java.lang.Integer" >
    delete from sys_user
    where userid = #{userid,jdbcType=INTEGER}
  </delete>

  <insert id="insert" parameterType="com.xxx.bean.User" >
    insert into sys_user (userid, loginname, identity, 
      realname, sex, address, 
      phone, pwd, position, 
      type, available)
    values (#{userid,jdbcType=INTEGER}, #{loginname,jdbcType=VARCHAR}, #{identity,jdbcType=VARCHAR}, 
      #{realname,jdbcType=VARCHAR}, #{sex,jdbcType=INTEGER}, #{address,jdbcType=VARCHAR}, 
      #{phone,jdbcType=VARCHAR}, #{pwd,jdbcType=VARCHAR}, #{position,jdbcType=VARCHAR}, 
      #{type,jdbcType=INTEGER}, #{available,jdbcType=INTEGER})
  </insert>
  <insert id="insertSelective" parameterType="com.xxx.bean.User" >
    insert into sys_user
    <trim prefix="(" suffix=")" suffixOverrides="," >
      <if test="userid != null" >
        userid,
      </if>
      <if test="loginname != null" >
        loginname,
      </if>
      <if test="identity != null" >
        identity,
      </if>
      <if test="realname != null" >
        realname,
      </if>
      <if test="sex != null" >
        sex,
      </if>
      <if test="address != null" >
        address,
      </if>
      <if test="phone != null" >
        phone,
      </if>
      <if test="pwd != null" >
        pwd,
      </if>
      <if test="position != null" >
        position,
      </if>
      <if test="type != null" >
        type,
      </if>
      <if test="available != null" >
        available,
      </if>
    </trim>
    <trim prefix="values (" suffix=")" suffixOverrides="," >
      <if test="userid != null" >
        #{userid,jdbcType=INTEGER},
      </if>
      <if test="loginname != null" >
        #{loginname,jdbcType=VARCHAR},
      </if>
      <if test="identity != null" >
        #{identity,jdbcType=VARCHAR},
      </if>
      <if test="realname != null" >
        #{realname,jdbcType=VARCHAR},
      </if>
      <if test="sex != null" >
        #{sex,jdbcType=INTEGER},
      </if>
      <if test="address != null" >
        #{address,jdbcType=VARCHAR},
      </if>
      <if test="phone != null" >
        #{phone,jdbcType=VARCHAR},
      </if>
      <if test="pwd != null" >
        #{pwd,jdbcType=VARCHAR},
      </if>
      <if test="position != null" >
        #{position,jdbcType=VARCHAR},
      </if>
      <if test="type != null" >
        #{type,jdbcType=INTEGER},
      </if>
      <if test="available != null" >
        #{available,jdbcType=INTEGER},
      </if>
    </trim>
  </insert>
  <update id="updateByPrimaryKeySelective" parameterType="com.xxx.bean.User" >
    update sys_user
    <set >
      <if test="loginname != null" >
        loginname = #{loginname,jdbcType=VARCHAR},
      </if>
      <if test="identity != null" >
        identity = #{identity,jdbcType=VARCHAR},
      </if>
      <if test="realname != null" >
        realname = #{realname,jdbcType=VARCHAR},
      </if>
      <if test="sex != null" >
        sex = #{sex,jdbcType=INTEGER},
      </if>
      <if test="address != null" >
        address = #{address,jdbcType=VARCHAR},
      </if>
      <if test="phone != null" >
        phone = #{phone,jdbcType=VARCHAR},
      </if>
      <if test="pwd != null" >
        pwd = #{pwd,jdbcType=VARCHAR},
      </if>
      <if test="position != null" >
        position = #{position,jdbcType=VARCHAR},
      </if>
      <if test="type != null" >
        type = #{type,jdbcType=INTEGER},
      </if>
      <if test="available != null" >
        available = #{available,jdbcType=INTEGER},
      </if>
    </set>
    where userid = #{userid,jdbcType=INTEGER}
  </update>
  <update id="updateByPrimaryKey" parameterType="com.xxx.bean.User" >
    update sys_user
    set loginname = #{loginname,jdbcType=VARCHAR},
      identity = #{identity,jdbcType=VARCHAR},
      realname = #{realname,jdbcType=VARCHAR},
      sex = #{sex,jdbcType=INTEGER},
      address = #{address,jdbcType=VARCHAR},
      phone = #{phone,jdbcType=VARCHAR},
      pwd = #{pwd,jdbcType=VARCHAR},
      position = #{position,jdbcType=VARCHAR},
      type = #{type,jdbcType=INTEGER},
      available = #{available,jdbcType=INTEGER}
    where userid = #{userid,jdbcType=INTEGER}
  </update>


  <select id="getUserList" parameterType="userQuery" resultType="com.xxx.bean.User">
    select <include refid="Base_Column_List"></include> from sys_user
    <where>
      available=1
      <if test=" loginname!=null and loginname!= ''">
        and loginname=#{loginname}
      </if>
      <if test="identity !=null and identity!= ''">
        and identity = #{identity}
      </if>
      <if test="realname !=null and realname!= ''">
        and realname = #{realname}
      </if>
      <if test="address !=null and address!= ''">
        and address = #{address}
      </if>
      <if test="phone !=null and phone!= ''">
        and phone = #{phone}
      </if>
    </where>
  </select>

  <select id="getUserByName" resultType="com.xxx.bean.User">
    select <include refid="Base_Column_List"></include> from sys_user where loginname=#{loginname}
  </select>

    <select id="selectUserByLoginName" resultType="com.xxx.bean.User">
      select <include refid="Base_Column_List"></include>
      from sys_user
      <where>
        <if test="loginname!=null and loginname!=''">
          loginname=#{loginname}
        </if>
      </where>
    </select>

    <insert id="insertHasKey" parameterType="user" keyColumn="userid" keyProperty="userid" useGeneratedKeys="true">
    insert into sys_user (loginname, identity, realname, sex, address, phone, pwd,type,available) values
    (#{loginname},#{identity},#{realname},#{sex},#{address},#{phone},#{pwd},#{type},#{available})
  </insert>

  <update id="deleteUserById" parameterType="integer">
    update sys_user set available=0 where userid in (
    <foreach collection="array" item="id" separator=",">
      #{id}
    </foreach>
    )
  </update>
</mapper>